,Referencia,Fecha Alta,Tipo,Operación,Provincia,Superficie,Precio Venta,Fecha Venta,Vendedor
0,1,2004-01-01,Parking,Alquiler,Lleida,291,2133903,2004-06-19,Carmen
3,4,2004-01-02,Parking,Alquiler,Girona,285,1815450,2004-04-27,Jesús
6,7,2004-01-03,Parking,Alquiler,Tarragona,69,406686,2004-06-07,Pedro
7,8,2004-01-03,Oficina,Venta,Girona,235,2158475,2004-10-31,Jesús
9,10,2004-01-04,Parking,Venta,Lleida,299,2042768,2004-10-06,Joaquín
12,13,2004-01-04,Parking,Venta,Barcelona,300,2937300,2004-11-04,Jesús
33,34,2004-01-15,Casa,Venta,Barcelona,281,2483197,2004-11-01,María
38,39,2004-01-18,Parking,Alquiler,Tarragona,215,1154980,2005-01-14,Joaquín
44,45,2004-01-20,Oficina,Alquiler,Barcelona,287,2851058,2005-01-02,Joaquín
57,58,2004-01-24,Local,Alquiler,Girona,274,2287626,2004-12-21,María
68,69,2004-01-27,Local,Venta,Girona,248,2212408,2004-10-09,María
72,73,2004-01-28,Parking,Alquiler,Barcelona,62,320044,2004-09-04,Joaquín
78,79,2004-01-31,Parking,Venta,Barcelona,298,2520484,2004-11-27,Carmen
79,80,2004-01-31,Parking,Alquiler,Barcelona,217,1339107,2004-10-05,Carmen
81,82,2004-02-02,Parking,Venta,Girona,117,1069731,2004-09-14,Pedro
87,88,2004-02-03,Parking,Alquiler,Tarragona,58,421196,2004-10-10,Pedro
89,90,2004-02-04,Suelo,Venta,Girona,292,2685816,2004-07-24,Pedro
109,110,2004-02-12,Parking,Venta,Barcelona,206,1587642,2004-12-20,Luisa
115,116,2004-02-15,Parking,Venta,Girona,103,973659,2005-01-04,Jesús
118,119,2004-02-16,Parking,Venta,Lleida,51,307989,2004-07-06,Pedro
120,121,2004-02-17,Parking,Venta,Barcelona,152,688864,2004-12-06,Jesús
128,129,2004-02-21,Parking,Alquiler,Lleida,206,1363926,2005-01-08,Carmen
143,144,2004-02-28,Parking,Alquiler,Barcelona,121,782870,2004-11-19,Pedro
145,146,2004-02-28,Parking,Venta,Girona,274,2028970,2004-08-20,Luisa
146,147,2004-02-28,Parking,Alquiler,Barcelona,76,734388,2004-05-28,Joaquín
165,166,2004-03-06,Oficina,Venta,Tarragona,250,2275500,2004-07-29,Luisa
166,167,2004-03-06,Parking,Venta,Girona,169,1370759,2005-01-14,Luisa
172,173,2004-03-09,Oficina,Venta,Girona,268,2400476,2005-03-08,Joaquín
188,189,2004-03-17,Parking,Venta,Girona,160,1261600,2004-10-25,Jesús
189,190,2004-03-17,Parking,Alquiler,Lleida,95,448210,2004-10-25,Pedro
199,200,2004-03-22,Parking,Venta,Tarragona,281,2108343,2004-09-26,Pedro
200,201,2004-03-22,Parking,Venta,Girona,247,1050985,2004-11-09,Pedro
205,206,2004-03-23,Piso,Alquiler,Lleida,250,2253500,2005-02-21,Joaquín
208,209,2004-03-24,Parking,Venta,Lleida,167,1643948,2004-09-21,María
210,211,2004-03-25,Parking,Alquiler,Barcelona,269,2134246,2004-08-11,Carmen
214,215,2004-03-27,Parking,Alquiler,Girona,214,1219158,2004-07-13,Pedro
224,225,2004-04-01,Parking,Alquiler,Barcelona,152,1069320,2004-12-15,Jesús
238,239,2004-04-05,Piso,Alquiler,Lleida,268,2338032,2005-01-02,Pedro
239,240,2004-04-06,Parking,Venta,Barcelona,164,1298716,2004-12-03,Luisa
251,252,2004-04-09,Parking,Alquiler,Lleida,168,1622040,2004-10-15,María
252,253,2004-04-10,Parking,Venta,Tarragona,106,567206,2004-08-08,María
258,259,2004-04-11,Parking,Venta,Tarragona,138,1183212,2005-02-26,Luisa
263,264,2004-04-14,Parking,Alquiler,Tarragona,258,1770912,2005-03-02,Jesús
264,265,2004-04-14,Parking,Venta,Barcelona,105,927255,2004-11-21,Luisa
265,266,2004-04-14,Parking,Alquiler,Tarragona,216,1125792,2004-09-16,Jesús
268,269,2004-04-15,Parking,Venta,Lleida,52,446888,2004-09-01,María
269,270,2004-04-15,Parking,Alquiler,Tarragona,223,1342906,2004-10-31,Joaquín
271,272,2004-04-15,Suelo,Venta,Lleida,270,2409210,2004-09-03,Carmen
276,277,2004-04-17,Parking,Venta,Barcelona,209,2038586,2005-01-06,Jesús
281,282,2004-04-18,Casa,Venta,Girona,285,2534505,2004-12-28,Jesús
283,284,2004-04-19,Suelo,Alquiler,Girona,262,2404898,2004-10-20,Luisa
291,292,2004-04-21,Parking,Venta,Barcelona,54,258444,2005-03-08,Pedro
292,293,2004-04-22,Parking,Venta,Girona,82,430418,2005-02-09,Luisa
295,296,2004-04-22,Parking,Alquiler,Barcelona,235,1773780,2005-03-28,Pedro
296,297,2004-04-23,Suelo,Alquiler,Girona,288,2699136,2004-07-28,Pedro
303,304,2004-04-26,Casa,Alquiler,Barcelona,298,2612566,2005-02-16,Pedro
314,315,2004-05-01,Casa,Alquiler,Barcelona,251,2439971,2005-02-14,Joaquín
315,316,2004-05-02,Industrial,Alquiler,Barcelona,261,2571111,2005-02-07,Carmen
316,317,2004-05-02,Parking,Alquiler,Barcelona,251,1754992,2004-08-26,Jesús
319,320,2004-05-02,Industrial,Alquiler,Girona,277,2456159,2004-08-04,María
322,323,2004-05-03,Parking,Venta,Barcelona,237,1592166,2004-10-15,María
329,330,2004-05-05,Parking,Alquiler,Girona,125,1189250,2004-10-26,Pedro
330,331,2004-05-05,Parking,Alquiler,Barcelona,205,990355,2004-12-08,Luisa
342,343,2004-05-10,Parking,Venta,Barcelona,175,1178100,2004-11-12,Luisa
348,349,2004-05-12,Parking,Venta,Tarragona,234,1398852,2004-11-01,María
355,356,2004-05-14,Parking,Alquiler,Lleida,154,830830,2005-02-03,Luisa
358,359,2004-05-15,Parking,Venta,Lleida,130,1176630,2005-03-18,Jesús
371,372,2004-05-20,Parking,Alquiler,Lleida,163,1317529,2005-05-03,Luisa
379,380,2004-05-25,Local,Venta,Lleida,269,2586704,2005-03-27,Carmen
381,382,2004-05-26,Suelo,Alquiler,Lleida,264,2582184,2005-04-24,Luisa
383,384,2004-05-26,Parking,Venta,Barcelona,200,1823400,2004-10-20,Joaquín
384,385,2004-05-26,Parking,Venta,Barcelona,197,1746405,2005-03-20,Luisa
385,386,2004-05-26,Parking,Alquiler,Girona,184,830760,2004-09-13,Pedro
387,388,2004-05-28,Parking,Alquiler,Girona,137,835152,2005-02-13,Jesús
389,390,2004-05-30,Parking,Alquiler,Tarragona,65,389350,2004-12-10,Luisa
395,396,2004-05-31,Parking,Alquiler,Lleida,296,1602544,2004-09-07,Jesús
396,397,2004-06-01,Parking,Venta,Barcelona,177,933321,2005-05-10,Joaquín
399,400,2004-06-01,Parking,Venta,Tarragona,208,1225120,2005-01-22,Carmen
400,401,2004-06-02,Piso,Alquiler,Barcelona,271,2682900,2005-06-02,Pedro
401,402,2004-06-02,Industrial,Alquiler,Lleida,278,2188138,2005-01-21,María
408,409,2004-06-04,Parking,Venta,Girona,293,1750089,2005-04-05,Luisa
414,415,2004-06-06,Parking,Venta,Barcelona,46,386584,2004-12-17,Carmen
417,418,2004-06-07,Industrial,Alquiler,Girona,287,2452989,2005-01-26,Joaquín
418,419,2004-06-07,Parking,Venta,Girona,174,952302,2004-12-06,Luisa
423,424,2004-06-09,Parking,Venta,Barcelona,261,1945755,2004-11-06,Jesús
428,429,2004-06-11,Parking,Alquiler,Tarragona,271,2190493,2004-11-02,Jesús
436,437,2004-06-14,Parking,Venta,Girona,107,909821,2005-05-03,Luisa
438,439,2004-06-15,Oficina,Alquiler,Girona,298,2524358,2004-10-23,Luisa
439,440,2004-06-15,Parking,Venta,Barcelona,115,1077665,2004-09-19,Jesús
440,441,2004-06-16,Parking,Venta,Barcelona,102,790602,2004-11-09,Carmen
441,442,2004-06-16,Parking,Venta,Tarragona,211,872063,2005-02-26,Pedro
443,444,2004-06-17,Parking,Venta,Barcelona,102,1005312,2005-06-09,Luisa
446,447,2004-06-17,Parking,Alquiler,Lleida,263,1779458,2005-01-24,Pedro
454,455,2004-06-20,Parking,Alquiler,Barcelona,244,2439512,2005-01-02,Carmen
464,465,2004-06-24,Industrial,Alquiler,Lleida,268,2628812,2005-03-15,Pedro
469,470,2004-06-25,Parking,Venta,Tarragona,191,875544,2004-11-01,Jesús
472,473,2004-06-25,Parking,Alquiler,Lleida,105,872760,2005-03-26,Carmen
485,486,2004-06-30,Piso,Venta,Girona,283,2199476,2005-06-04,Luisa
486,487,2004-06-30,Casa,Venta,Lleida,261,2475063,2005-01-21,Carmen
489,490,2004-07-02,Parking,Alquiler,Barcelona,234,1911312,2005-04-08,Luisa
492,493,2004-07-03,Parking,Alquiler,Lleida,299,1948583,2004-12-21,María
494,495,2004-07-03,Oficina,Venta,Barcelona,268,2578696,2005-06-28,Luisa
499,500,2004-07-04,Industrial,Alquiler,Lleida,240,2238000,2005-05-06,Pedro
507,508,2004-07-05,Local,Venta,Barcelona,271,2297538,2004-11-22,Jesús
508,509,2004-07-06,Parking,Venta,Tarragona,80,428240,2005-02-01,Pedro
511,512,2004-07-06,Parking,Alquiler,Tarragona,239,1782940,2004-11-13,Joaquín
520,521,2004-07-09,Parking,Venta,Barcelona,105,740355,2004-12-08,Luisa
524,525,2004-07-10,Parking,Venta,Lleida,280,1249360,2005-01-09,Pedro
525,526,2004-07-11,Parking,Venta,Girona,162,1594404,2005-03-07,María
527,528,2004-07-12,Casa,Alquiler,Lleida,231,2273040,2005-02-04,Joaquín
532,533,2004-07-13,Parking,Venta,Tarragona,72,606024,2005-04-12,Carmen
537,538,2004-07-15,Industrial,Alquiler,Girona,279,2161134,2005-03-09,María
538,539,2004-07-16,Parking,Alquiler,Barcelona,111,761793,2005-07-11,María
539,540,2004-07-16,Parking,Alquiler,Tarragona,87,565587,2005-01-25,Joaquín
547,548,2004-07-20,Parking,Venta,Barcelona,286,2330042,2004-10-21,Carmen
550,551,2004-07-21,Piso,Alquiler,Girona,237,2215002,2004-10-31,Pedro
553,554,2004-07-21,Parking,Venta,Barcelona,141,867009,2004-11-21,Joaquín
560,561,2004-07-25,Parking,Alquiler,Lleida,53,280741,2005-07-01,Jesús
572,573,2004-07-28,Parking,Venta,Tarragona,243,1038825,2004-12-14,Jesús
574,575,2004-07-28,Parking,Alquiler,Barcelona,280,1877400,2005-04-21,Joaquín
579,580,2004-07-30,Parking,Venta,Tarragona,226,1634884,2005-07-20,María
581,582,2004-07-31,Industrial,Venta,Lleida,290,2584480,2004-11-22,Jesús
584,585,2004-08-01,Parking,Alquiler,Girona,161,1050203,2005-02-04,Joaquín
591,592,2004-08-03,Parking,Alquiler,Girona,145,999630,2005-05-01,Pedro
595,596,2004-08-04,Parking,Venta,Lleida,62,358360,2005-07-23,Luisa
605,606,2004-08-10,Parking,Alquiler,Lleida,45,360765,2005-03-05,María
606,607,2004-08-10,Parking,Venta,Barcelona,49,418019,2005-02-22,Pedro
610,611,2004-08-11,Casa,Venta,Barcelona,294,2658936,2005-06-21,Luisa
620,621,2004-08-14,Industrial,Venta,Tarragona,223,2171128,2005-03-23,Carmen
624,625,2004-08-15,Industrial,Alquiler,Girona,222,2171826,2005-01-12,Carmen
626,627,2004-08-16,Parking,Alquiler,Lleida,86,494758,2005-03-04,María
629,630,2004-08-17,Parking,Alquiler,Girona,170,1567060,2005-02-19,María
630,631,2004-08-17,Parking,Alquiler,Barcelona,272,1972816,2005-08-14,Carmen
632,633,2004-08-17,Parking,Alquiler,Girona,167,1191044,2005-01-11,Luisa
633,634,2004-08-18,Piso,Alquiler,Tarragona,283,2576432,2005-05-13,María
636,637,2004-08-18,Parking,Alquiler,Barcelona,95,938030,2005-06-03,María
638,639,2004-08-19,Piso,Alquiler,Girona,277,2646181,2005-07-04,Carmen
640,641,2004-08-19,Oficina,Venta,Girona,249,2306238,2005-03-02,María
642,643,2004-08-20,Industrial,Alquiler,Lleida,255,2338095,2005-08-10,Carmen
645,646,2004-08-20,Parking,Alquiler,Lleida,168,1192800,2005-07-14,Joaquín
649,650,2004-08-22,Parking,Venta,Lleida,80,777360,2005-04-21,Carmen
654,655,2004-08-22,Oficina,Venta,Girona,293,2787016,2005-03-23,Luisa
657,658,2004-08-23,Parking,Venta,Tarragona,286,1442870,2005-08-09,Pedro
661,662,2004-08-24,Parking,Alquiler,Girona,254,1963166,2005-07-27,Joaquín
667,668,2004-08-27,Parking,Venta,Barcelona,195,1513005,2005-01-21,Pedro
668,669,2004-08-27,Parking,Venta,Tarragona,290,1747830,2005-01-14,Luisa
669,670,2004-08-28,Industrial,Venta,Barcelona,289,2188597,2005-04-27,María
673,674,2004-08-29,Parking,Venta,Girona,152,1392168,2005-08-04,Pedro
683,684,2004-08-31,Parking,Venta,Tarragona,247,2285244,2005-03-07,María
688,689,2004-09-02,Parking,Venta,Girona,64,622144,2005-07-05,María
689,690,2004-09-02,Parking,Alquiler,Tarragona,81,723492,2005-07-10,Joaquín
697,698,2004-09-05,Parking,Alquiler,Girona,187,789140,2005-05-16,Carmen
701,702,2004-09-07,Piso,Alquiler,Girona,295,2553225,2005-01-14,Carmen
703,704,2004-09-08,Piso,Alquiler,Barcelona,278,2540364,2005-04-12,Carmen
709,710,2004-09-09,Parking,Venta,Lleida,274,1291636,2005-05-24,María
711,712,2004-09-10,Parking,Alquiler,Lleida,244,2280668,2005-07-16,María
719,720,2004-09-11,Casa,Venta,Tarragona,226,2216608,2005-07-09,Luisa
725,726,2004-09-13,Parking,Venta,Girona,112,1081360,2005-05-03,María
729,730,2004-09-16,Parking,Alquiler,Tarragona,284,1830664,2005-01-02,Pedro
739,740,2004-09-21,Parking,Alquiler,Barcelona,254,2328418,2005-01-06,Joaquín
740,741,2004-09-21,Parking,Venta,Tarragona,126,1184274,2005-07-28,María
749,750,2004-09-23,Parking,Alquiler,Girona,294,1335936,2005-07-14,Carmen
750,751,2004-09-23,Parking,Venta,Girona,132,556116,2005-09-11,Luisa
754,755,2004-09-25,Oficina,Venta,Tarragona,235,2202655,2005-04-16,Pedro
761,762,2004-09-26,Parking,Venta,Barcelona,48,371712,2005-08-14,María
762,763,2004-09-27,Piso,Alquiler,Girona,291,2411808,2005-02-28,Joaquín
764,765,2004-09-28,Local,Alquiler,Girona,291,2354481,2005-01-26,Carmen
773,774,2004-10-05,Local,Alquiler,Tarragona,244,2332152,2005-06-05,Joaquín
775,776,2004-10-05,Parking,Venta,Lleida,76,411160,2005-02-15,Joaquín
783,784,2004-10-06,Parking,Alquiler,Tarragona,83,778706,2005-09-11,María
785,786,2004-10-06,Parking,Venta,Lleida,224,913248,2005-07-03,Jesús
798,799,2004-10-11,Suelo,Alquiler,Tarragona,278,2209822,2005-02-27,Jesús
811,812,2004-10-16,Oficina,Venta,Tarragona,236,2208252,2005-04-21,Pedro
815,816,2004-10-18,Parking,Alquiler,Barcelona,232,2180104,2005-07-19,Joaquín
818,819,2004-10-19,Parking,Venta,Barcelona,102,562632,2005-09-01,Luisa
820,821,2004-10-19,Parking,Venta,Girona,161,1392006,2005-07-12,María
822,823,2004-10-20,Parking,Venta,Lleida,177,992793,2005-03-20,Carmen
830,831,2004-10-24,Parking,Venta,Girona,115,880900,2005-07-04,Carmen
834,835,2004-10-25,Parking,Venta,Lleida,168,1276800,2005-07-25,Carmen
839,840,2004-10-27,Parking,Alquiler,Girona,114,1040478,2005-04-29,Carmen
845,846,2004-10-31,Suelo,Alquiler,Tarragona,246,2214984,2005-09-22,Joaquín
853,854,2004-11-02,Piso,Alquiler,Lleida,299,2430272,2005-03-26,Carmen
856,857,2004-11-03,Industrial,Venta,Girona,238,2379048,2005-09-08,María
859,860,2004-11-03,Piso,Venta,Lleida,288,2242656,2005-02-11,Jesús
862,863,2004-11-06,Oficina,Alquiler,Barcelona,246,2328636,2005-03-10,Luisa
864,865,2004-11-06,Parking,Alquiler,Girona,110,523160,2005-09-11,Joaquín
865,866,2004-11-07,Parking,Venta,Girona,136,1054544,2005-09-18,María
868,869,2004-11-07,Parking,Alquiler,Lleida,183,1082079,2005-09-07,Carmen
872,873,2004-11-09,Industrial,Alquiler,Lleida,295,2923155,2005-05-06,Luisa
879,880,2004-11-11,Parking,Alquiler,Lleida,272,1542784,2005-06-24,Joaquín
890,891,2004-11-13,Casa,Venta,Girona,255,2543625,2005-08-29,Pedro
893,894,2004-11-14,Parking,Alquiler,Lleida,92,610696,2005-05-04,Jesús
897,898,2004-11-15,Casa,Venta,Barcelona,258,2449452,2005-03-14,Jesús
900,901,2004-11-16,Parking,Alquiler,Girona,294,1653456,2005-07-18,Pedro
901,902,2004-11-17,Oficina,Alquiler,Barcelona,294,2722146,2005-11-05,Joaquín
907,908,2004-11-18,Parking,Venta,Girona,134,933444,2005-04-17,Pedro
916,917,2004-11-21,Parking,Venta,Tarragona,263,1719757,2005-08-28,Pedro
923,924,2004-11-25,Parking,Alquiler,Girona,283,2213909,2005-05-10,Luisa
924,925,2004-11-25,Parking,Alquiler,Lleida,298,2039512,2005-10-11,Joaquín
925,926,2004-11-25,Suelo,Alquiler,Barcelona,298,2376550,2005-10-19,Luisa
931,932,2004-11-29,Parking,Venta,Lleida,121,754435,2005-04-23,Joaquín
932,933,2004-11-29,Parking,Alquiler,Tarragona,150,795000,2005-10-17,Luisa
933,934,2004-11-29,Casa,Alquiler,Girona,228,2212740,2005-10-10,Jesús
935,936,2004-12-01,Parking,Alquiler,Girona,116,573040,2005-11-01,María
948,949,2004-12-05,Parking,Alquiler,Barcelona,206,1241562,2005-07-27,María
949,950,2004-12-05,Piso,Venta,Girona,233,2153852,2005-03-11,Pedro
953,954,2004-12-08,Parking,Venta,Lleida,68,330956,2005-09-18,María
958,959,2004-12-10,Parking,Venta,Tarragona,291,1872876,2005-05-16,María
960,961,2004-12-10,Parking,Alquiler,Girona,96,535584,2005-10-22,Carmen
968,969,2004-12-14,Piso,Venta,Lleida,272,2581552,2005-10-22,Pedro
973,974,2004-12-15,Parking,Alquiler,Lleida,131,920144,2005-12-10,Jesús
980,981,2004-12-18,Local,Venta,Girona,278,2273762,2005-11-30,Pedro
984,985,2004-12-20,Piso,Alquiler,Barcelona,270,2427300,2005-09-06,Pedro
991,992,2004-12-22,Piso,Alquiler,Girona,281,2326118,2005-07-22,María
995,996,2004-12-23,Parking,Alquiler,Girona,88,690184,2005-05-29,Carmen
999,1000,2004-12-24,Parking,Venta,Lleida,300,2707200,2005-10-15,Luisa
1001,1002,2004-12-25,Piso,Alquiler,Barcelona,292,2677056,2005-07-22,María
1002,1003,2004-12-25,Parking,Venta,Tarragona,87,638058,2005-07-19,Jesús
1009,1010,2004-12-27,Parking,Venta,Girona,211,945702,2005-12-04,Luisa
1015,1016,2005-01-01,Parking,Alquiler,Barcelona,142,1276864,2005-10-24,María
1016,1017,2005-01-01,Parking,Venta,Girona,217,2101862,2005-10-23,Carmen
1025,1026,2005-01-04,Parking,Alquiler,Barcelona,206,1231262,2005-07-10,Luisa
1034,1035,2005-01-07,Industrial,Venta,Barcelona,252,2398788,2005-11-19,Jesús
1036,1037,2005-01-08,Industrial,Venta,Lleida,271,2496723,2005-12-12,Jesús
1044,1045,2005-01-11,Parking,Alquiler,Girona,260,2402920,2005-10-09,Joaquín
1047,1048,2005-01-12,Casa,Alquiler,Barcelona,279,2362572,2005-09-25,Luisa
1050,1051,2005-01-12,Parking,Venta,Lleida,246,1940448,2005-10-08,Pedro
1057,1058,2005-01-15,Parking,Venta,Barcelona,221,1919827,2006-01-06,Joaquín
1061,1062,2005-01-18,Parking,Venta,Tarragona,68,652052,2005-09-20,Joaquín
1065,1066,2005-01-20,Suelo,Venta,Girona,287,2808008,2005-06-24,Pedro
1067,1068,2005-01-21,Parking,Venta,Barcelona,221,1471197,2005-10-17,Joaquín
1069,1070,2005-01-21,Parking,Venta,Lleida,232,1162784,2005-08-23,Pedro
1070,1071,2005-01-21,Parking,Venta,Girona,118,1134452,2005-04-27,Carmen
1074,1075,2005-01-23,Parking,Alquiler,Barcelona,290,2275050,2005-09-20,Jesús
1075,1076,2005-01-23,Parking,Venta,Lleida,72,298368,2005-04-26,Luisa
1079,1080,2005-01-24,Local,Alquiler,Lleida,287,2279354,2005-12-15,Joaquín
1083,1084,2005-01-25,Parking,Alquiler,Girona,287,1370138,2005-05-03,Joaquín
1085,1086,2005-01-25,Piso,Alquiler,Lleida,260,2546180,2005-05-23,Carmen
1086,1087,2005-01-26,Parking,Alquiler,Tarragona,197,1199730,2006-01-13,Luisa
1092,1093,2005-01-31,Parking,Alquiler,Girona,222,2209344,2005-09-09,Carmen
1104,1105,2005-02-03,Parking,Alquiler,Tarragona,97,541648,2005-06-11,Carmen
1108,1109,2005-02-05,Parking,Alquiler,Tarragona,286,2064634,2005-05-26,Carmen
1110,1111,2005-02-06,Parking,Alquiler,Barcelona,87,372447,2005-07-17,Jesús
1112,1113,2005-02-06,Parking,Venta,Tarragona,157,1323353,2005-07-25,Luisa
1117,1118,2005-02-09,Parking,Alquiler,Lleida,293,2741308,2005-10-20,María
1124,1125,2005-02-13,Casa,Alquiler,Tarragona,245,2287075,2006-01-31,Luisa
1127,1128,2005-02-14,Parking,Venta,Barcelona,229,1859480,2006-01-06,Joaquín
1130,1131,2005-02-15,Parking,Venta,Barcelona,156,795912,2006-01-06,Carmen
1140,1141,2005-02-16,Parking,Venta,Lleida,179,1601334,2005-11-07,Jesús
1143,1144,2005-02-17,Suelo,Alquiler,Barcelona,256,2176768,2006-02-13,Carmen
1153,1154,2005-02-20,Piso,Alquiler,Barcelona,292,2865688,2005-08-21,Carmen
1157,1158,2005-02-20,Oficina,Venta,Barcelona,298,2436448,2005-08-13,Carmen
1163,1164,2005-02-22,Parking,Venta,Lleida,174,750984,2005-07-07,Joaquín
1166,1167,2005-02-23,Parking,Venta,Lleida,152,1076464,2005-05-27,Pedro
1177,1178,2005-02-27,Parking,Venta,Tarragona,219,1468614,2005-10-10,Pedro
1182,1183,2005-03-01,Parking,Alquiler,Girona,45,360540,2005-09-02,María
1187,1188,2005-03-03,Parking,Alquiler,Girona,93,375813,2005-07-12,Pedro
1189,1190,2005-03-03,Parking,Venta,Girona,153,1401633,2005-09-14,Carmen
1203,1204,2005-03-07,Oficina,Venta,Barcelona,255,2151435,2005-08-26,Pedro
1215,1216,2005-03-10,Piso,Alquiler,Lleida,281,2688046,2005-10-24,Luisa
1218,1219,2005-03-11,Suelo,Venta,Barcelona,251,2234653,2005-08-01,Luisa
1219,1220,2005-03-12,Parking,Venta,Tarragona,90,438480,2005-10-23,Joaquín
1222,1223,2005-03-12,Parking,Venta,Girona,181,1805475,2005-06-10,María
1223,1224,2005-03-13,Parking,Venta,Tarragona,124,1070740,2005-12-22,Carmen
1224,1225,2005-03-14,Parking,Venta,Girona,164,785068,2006-01-22,Jesús
1229,1230,2005-03-15,Suelo,Venta,Girona,268,2422720,2005-11-27,Carmen
1232,1233,2005-03-17,Parking,Venta,Lleida,88,820776,2005-08-20,Carmen
1239,1240,2005-03-19,Industrial,Alquiler,Lleida,285,2562435,2005-06-20,Carmen
1244,1245,2005-03-20,Parking,Venta,Girona,276,1477428,2005-11-23,María
1245,1246,2005-03-21,Parking,Venta,Barcelona,68,367132,2005-08-31,Joaquín
1248,1249,2005-03-22,Parking,Alquiler,Barcelona,99,500148,2005-08-09,Joaquín
1256,1257,2005-03-25,Parking,Venta,Girona,117,1149525,2006-02-27,Pedro
1266,1267,2005-03-29,Parking,Venta,Lleida,40,349720,2006-02-14,Luisa
1270,1271,2005-03-30,Parking,Venta,Tarragona,196,1730876,2005-07-12,Luisa
1276,1277,2005-04-02,Industrial,Alquiler,Lleida,285,2232690,2006-01-29,María
1285,1286,2005-04-05,Parking,Alquiler,Girona,297,2872287,2005-09-16,Luisa
1287,1288,2005-04-05,Casa,Alquiler,Tarragona,244,2413648,2006-01-06,María
1300,1301,2005-04-10,Suelo,Venta,Tarragona,299,2531334,2005-12-18,Carmen
1301,1302,2005-04-11,Casa,Venta,Girona,288,2371392,2005-11-17,Luisa
1305,1306,2005-04-14,Casa,Venta,Barcelona,274,2229812,2005-08-26,María
1306,1307,2005-04-15,Industrial,Venta,Girona,264,2589312,2005-07-20,Pedro
1307,1308,2005-04-15,Parking,Venta,Lleida,149,1004707,2006-01-18,Joaquín
1308,1309,2005-04-15,Parking,Alquiler,Lleida,99,574200,2005-09-16,Pedro
1314,1315,2005-04-17,Parking,Alquiler,Lleida,116,1035416,2006-02-01,María
1320,1321,2005-04-18,Local,Alquiler,Girona,271,2478566,2005-07-21,Pedro
1321,1322,2005-04-18,Local,Venta,Lleida,245,2396835,2005-08-18,Joaquín
1327,1328,2005-04-20,Parking,Alquiler,Barcelona,273,2306031,2005-09-25,Carmen
1331,1332,2005-04-21,Parking,Alquiler,Tarragona,281,1619122,2005-09-26,Luisa
1335,1336,2005-04-22,Industrial,Alquiler,Tarragona,266,2583126,2005-12-02,Pedro
1341,1342,2005-04-25,Parking,Venta,Barcelona,194,1698664,2006-03-20,Carmen
1342,1343,2005-04-25,Suelo,Alquiler,Barcelona,269,2292149,2006-01-22,Carmen
1343,1344,2005-04-25,Parking,Venta,Tarragona,285,1500240,2005-08-20,Carmen
1353,1354,2005-04-28,Industrial,Venta,Barcelona,242,2418064,2005-10-24,Jesús
1357,1358,2005-04-29,Local,Venta,Tarragona,274,2474494,2006-03-25,Carmen
1358,1359,2005-04-29,Parking,Venta,Tarragona,256,1059328,2006-04-17,Jesús
1359,1360,2005-04-29,Parking,Venta,Tarragona,196,1201480,2005-09-18,María
1368,1369,2005-05-02,Parking,Alquiler,Lleida,128,976384,2006-04-19,Joaquín
1371,1372,2005-05-04,Industrial,Venta,Barcelona,286,2633774,2005-09-01,Carmen
1372,1373,2005-05-04,Suelo,Venta,Lleida,224,2211328,2006-02-23,Pedro
1378,1379,2005-05-06,Parking,Alquiler,Barcelona,119,1013523,2005-08-17,Joaquín
1381,1382,2005-05-06,Parking,Venta,Tarragona,248,1352096,2006-03-14,Jesús
1384,1385,2005-05-08,Parking,Venta,Barcelona,258,2066064,2005-11-25,María
1387,1388,2005-05-08,Casa,Venta,Girona,270,2288520,2005-11-02,Joaquín
1388,1389,2005-05-08,Parking,Venta,Girona,203,1892772,2006-03-26,María
1400,1401,2005-05-13,Casa,Venta,Barcelona,280,2349200,2006-04-13,Pedro
1402,1403,2005-05-14,Suelo,Alquiler,Girona,254,2417572,2005-09-20,María
1404,1405,2005-05-15,Parking,Venta,Girona,71,493166,2005-12-08,Joaquín
1405,1406,2005-05-15,Parking,Venta,Barcelona,163,1531222,2005-10-28,Joaquín
1407,1408,2005-05-16,Parking,Venta,Barcelona,185,1384355,2005-11-15,Luisa
1421,1422,2005-05-22,Parking,Alquiler,Girona,282,1132230,2006-03-20,Pedro
1422,1423,2005-05-23,Parking,Alquiler,Tarragona,280,1240400,2005-11-04,Jesús
1424,1425,2005-05-23,Parking,Venta,Barcelona,63,516159,2006-03-13,Luisa
1426,1427,2005-05-24,Parking,Alquiler,Girona,223,2228439,2005-09-17,Carmen
1433,1434,2005-05-27,Parking,Venta,Tarragona,134,572984,2005-12-30,Jesús
1437,1438,2005-05-28,Parking,Venta,Lleida,108,1001376,2006-02-10,Carmen
1439,1440,2005-05-28,Parking,Venta,Girona,255,1504755,2005-10-31,Luisa
1445,1446,2005-05-30,Parking,Venta,Tarragona,54,470988,2006-01-02,María
1455,1456,2005-06-05,Oficina,Venta,Tarragona,223,2190752,2006-04-24,Joaquín
1457,1458,2005-06-05,Parking,Venta,Girona,277,1691085,2005-11-19,Pedro
1462,1463,2005-06-07,Parking,Alquiler,Tarragona,177,1591584,2005-10-30,Joaquín
1466,1467,2005-06-09,Casa,Venta,Lleida,299,2333097,2005-09-15,María
1469,1470,2005-06-09,Industrial,Alquiler,Tarragona,274,2690954,2006-05-17,Joaquín
1471,1472,2005-06-10,Parking,Alquiler,Lleida,141,1250952,2006-02-26,Luisa
1473,1474,2005-06-11,Casa,Alquiler,Tarragona,269,2549313,2006-02-20,Carmen
1475,1476,2005-06-11,Parking,Alquiler,Lleida,248,2172232,2005-09-20,Pedro
1476,1477,2005-06-12,Parking,Alquiler,Girona,73,364270,2006-02-02,María
1483,1484,2005-06-13,Parking,Alquiler,Barcelona,282,2677590,2006-04-08,Luisa
1489,1490,2005-06-16,Parking,Venta,Barcelona,112,691712,2006-04-10,Pedro
1495,1496,2005-06-18,Suelo,Venta,Lleida,278,2520904,2006-05-12,Luisa
1505,1506,2005-06-22,Suelo,Alquiler,Girona,256,2512640,2006-03-16,Jesús
1506,1507,2005-06-22,Parking,Venta,Tarragona,118,716260,2006-04-04,Luisa
1507,1508,2005-06-22,Casa,Venta,Girona,274,2594780,2006-02-23,María
1508,1509,2005-06-22,Piso,Venta,Girona,244,2180628,2006-02-05,Pedro
1509,1510,2005-06-22,Parking,Venta,Tarragona,163,763329,2006-02-05,Joaquín
1511,1512,2005-06-23,Casa,Alquiler,Girona,261,2419209,2006-05-25,María
1524,1525,2005-06-30,Local,Venta,Tarragona,252,2283372,2006-02-12,Carmen
1526,1527,2005-06-30,Parking,Venta,Tarragona,50,400600,2005-10-02,María
1530,1531,2005-07-01,Local,Venta,Lleida,251,2325766,2005-10-20,Joaquín
1535,1536,2005-07-04,Parking,Venta,Girona,43,361759,2005-12-01,Jesús
1539,1540,2005-07-05,Suelo,Alquiler,Tarragona,227,2223919,2005-11-19,Joaquín
1541,1542,2005-07-06,Industrial,Venta,Tarragona,243,2401083,2006-04-08,Joaquín
1543,1544,2005-07-06,Parking,Venta,Lleida,199,1573493,2006-07-02,Luisa
1551,1552,2005-07-10,Parking,Venta,Barcelona,108,436428,2006-04-28,Jesús
1563,1564,2005-07-15,Parking,Venta,Lleida,240,1983840,2005-10-18,Pedro
1568,1569,2005-07-17,Oficina,Alquiler,Tarragona,273,2202837,2006-06-27,María
1569,1570,2005-07-17,Parking,Alquiler,Barcelona,67,347931,2006-04-28,Pedro
1575,1576,2005-07-20,Piso,Alquiler,Lleida,298,2207286,2006-07-09,Pedro
1580,1581,2005-07-21,Suelo,Alquiler,Tarragona,233,2224917,2005-10-27,Jesús
1581,1582,2005-07-21,Parking,Alquiler,Lleida,297,2463021,2006-03-13,María
1586,1587,2005-07-23,Parking,Venta,Lleida,101,478639,2006-01-07,Joaquín
1587,1588,2005-07-23,Local,Alquiler,Girona,245,2170945,2006-05-14,Jesús
1590,1591,2005-07-24,Parking,Venta,Tarragona,255,1627920,2006-03-12,Jesús
1591,1592,2005-07-24,Parking,Venta,Barcelona,207,1107864,2006-05-15,Luisa
1594,1595,2005-07-25,Parking,Venta,Lleida,96,645408,2006-05-27,Luisa
1596,1597,2005-07-26,Parking,Venta,Lleida,256,1656064,2006-02-02,Pedro
1606,1607,2005-07-31,Parking,Alquiler,Lleida,106,437674,2005-12-08,Luisa
1609,1610,2005-08-01,Piso,Venta,Lleida,245,2292465,2006-06-10,Carmen
1619,1620,2005-08-04,Parking,Alquiler,Girona,56,375592,2006-02-20,Jesús
1626,1627,2005-08-06,Parking,Venta,Barcelona,245,1202705,2005-12-10,Jesús
1627,1628,2005-08-06,Parking,Venta,Girona,297,2440449,2006-08-03,Carmen
1628,1629,2005-08-06,Parking,Alquiler,Lleida,99,942579,2006-03-03,María
1636,1637,2005-08-08,Parking,Venta,Barcelona,112,829808,2006-03-29,Joaquín
1638,1639,2005-08-09,Parking,Venta,Lleida,300,2155200,2006-08-05,Jesús
1639,1640,2005-08-09,Parking,Alquiler,Tarragona,162,1297134,2006-02-14,María
1641,1642,2005-08-10,Industrial,Venta,Lleida,276,2667816,2005-12-16,Joaquín
1643,1644,2005-08-10,Local,Venta,Barcelona,269,2384954,2006-02-12,María
1645,1646,2005-08-11,Parking,Venta,Girona,184,1147608,2006-06-29,Luisa
1646,1647,2005-08-12,Local,Venta,Tarragona,297,2888325,2005-11-27,Pedro
1650,1651,2005-08-14,Parking,Venta,Lleida,77,592823,2006-03-25,Pedro
1657,1658,2005-08-16,Parking,Alquiler,Barcelona,232,1643256,2006-02-22,María
1662,1663,2005-08-18,Parking,Alquiler,Barcelona,224,986048,2006-02-10,María
1663,1664,2005-08-19,Oficina,Venta,Girona,272,2233120,2005-12-13,Luisa
1664,1665,2005-08-19,Industrial,Alquiler,Lleida,238,2275994,2006-06-15,Joaquín
1673,1674,2005-08-26,Casa,Venta,Girona,242,2290046,2006-01-24,María
1675,1676,2005-08-27,Oficina,Venta,Tarragona,239,2181353,2006-06-15,María
1676,1677,2005-08-27,Industrial,Venta,Lleida,300,2625600,2006-01-08,María
1686,1687,2005-08-29,Parking,Alquiler,Girona,82,700854,2006-04-22,María
1689,1690,2005-08-30,Parking,Venta,Girona,142,681884,2006-06-12,Carmen
1692,1693,2005-08-30,Suelo,Venta,Lleida,233,2171327,2006-01-09,Jesús
1699,1700,2005-09-03,Parking,Venta,Barcelona,163,1150128,2006-03-18,Joaquín
1702,1703,2005-09-06,Industrial,Venta,Lleida,288,2171520,2006-08-28,Carmen
1708,1709,2005-09-07,Parking,Alquiler,Barcelona,173,842683,2006-01-30,Joaquín
1711,1712,2005-09-08,Parking,Alquiler,Lleida,115,907580,2006-07-11,Carmen
1716,1717,2005-09-09,Parking,Alquiler,Tarragona,153,824517,2006-05-31,María
1721,1722,2005-09-10,Piso,Alquiler,Tarragona,250,2478000,2006-04-27,Carmen
1723,1724,2005-09-10,Parking,Venta,Tarragona,270,1798470,2006-03-02,Joaquín
1730,1731,2005-09-12,Parking,Venta,Tarragona,223,2143922,2006-04-20,Jesús
1734,1735,2005-09-14,Parking,Alquiler,Girona,258,1430352,2006-01-14,María
1741,1742,2005-09-17,Parking,Venta,Girona,70,428190,2006-02-20,Jesús
1742,1743,2005-09-17,Casa,Venta,Girona,292,2630336,2006-01-08,Joaquín
1745,1746,2005-09-19,Parking,Alquiler,Barcelona,193,1540140,2006-08-08,Jesús
1746,1747,2005-09-20,Piso,Alquiler,Girona,240,2183760,2006-01-27,Jesús
1750,1751,2005-09-21,Parking,Alquiler,Girona,258,1758786,2006-02-24,Jesús
1757,1758,2005-09-24,Parking,Alquiler,Lleida,47,403401,2006-01-24,María
1765,1766,2005-09-29,Oficina,Venta,Barcelona,231,2299374,2006-05-15,Jesús
1766,1767,2005-09-29,Parking,Venta,Lleida,82,764240,2006-01-15,Pedro
1775,1776,2005-10-01,Parking,Venta,Tarragona,229,2215117,2006-08-01,Jesús
1783,1784,2005-10-03,Parking,Alquiler,Girona,85,809115,2006-05-25,María
1786,1787,2005-10-03,Parking,Venta,Tarragona,299,2669472,2006-06-10,Joaquín
1787,1788,2005-10-03,Parking,Venta,Girona,85,658835,2006-07-14,Luisa
1789,1790,2005-10-04,Local,Venta,Girona,238,2184364,2006-08-11,Luisa
1798,1799,2005-10-06,Oficina,Alquiler,Lleida,289,2249576,2006-06-18,Carmen
1802,1803,2005-10-07,Casa,Venta,Lleida,253,2378453,2006-09-10,Luisa
1822,1823,2005-10-15,Parking,Alquiler,Barcelona,271,2334123,2006-08-02,Joaquín
1824,1825,2005-10-15,Piso,Venta,Girona,262,2390750,2006-03-11,Pedro
1835,1836,2005-10-20,Parking,Alquiler,Barcelona,133,745864,2006-06-01,María
1836,1837,2005-10-20,Parking,Alquiler,Lleida,46,237176,2006-08-08,María
1838,1839,2005-10-21,Casa,Alquiler,Girona,258,2475510,2006-06-28,Jesús
1841,1842,2005-10-22,Industrial,Venta,Lleida,254,2299208,2006-09-05,Pedro
1843,1844,2005-10-23,Parking,Alquiler,Tarragona,107,658157,2006-03-16,Pedro
1849,1850,2005-10-28,Parking,Alquiler,Barcelona,218,991900,2006-05-28,Jesús
1850,1851,2005-10-28,Parking,Venta,Tarragona,162,957582,2006-03-24,Joaquín
1855,1856,2005-10-29,Casa,Venta,Girona,284,2467960,2006-04-25,Pedro
1856,1857,2005-10-30,Local,Venta,Lleida,254,2394204,2006-08-19,María
1857,1858,2005-10-30,Parking,Alquiler,Lleida,103,536733,2006-10-28,María
1861,1862,2005-11-02,Parking,Venta,Barcelona,249,2221329,2006-05-12,Pedro
1866,1867,2005-11-03,Parking,Venta,Tarragona,111,514596,2006-05-27,Luisa
1872,1873,2005-11-05,Parking,Alquiler,Tarragona,122,1162172,2006-02-26,Luisa
1882,1883,2005-11-09,Parking,Alquiler,Girona,156,1508988,2006-09-18,Jesús
1883,1884,2005-11-10,Local,Alquiler,Barcelona,246,2216214,2006-04-17,María
1885,1886,2005-11-12,Oficina,Alquiler,Girona,273,2333058,2006-03-05,Joaquín
1886,1887,2005-11-13,Parking,Venta,Barcelona,156,692484,2006-02-19,Pedro
1893,1894,2005-11-14,Parking,Venta,Girona,46,426880,2006-05-16,Luisa
1902,1903,2005-11-19,Parking,Venta,Barcelona,145,1213505,2006-11-05,Pedro
1907,1908,2005-11-21,Parking,Venta,Lleida,51,472668,2006-04-04,María
1908,1909,2005-11-21,Parking,Alquiler,Tarragona,119,508606,2006-08-17,Carmen
1915,1916,2005-11-22,Oficina,Venta,Lleida,263,2323868,2006-05-25,Pedro
1917,1918,2005-11-23,Parking,Venta,Girona,45,301815,2006-10-19,Joaquín
1919,1920,2005-11-23,Suelo,Venta,Girona,243,2347137,2006-07-19,María
1923,1924,2005-11-25,Parking,Alquiler,Tarragona,295,2613405,2006-11-23,Carmen
1926,1927,2005-11-26,Parking,Alquiler,Girona,46,187680,2006-11-13,Luisa
1952,1953,2005-12-06,Parking,Alquiler,Girona,250,2103000,2006-09-13,Jesús
1956,1957,2005-12-08,Oficina,Alquiler,Barcelona,293,2868470,2006-03-18,Luisa
1957,1958,2005-12-09,Parking,Alquiler,Lleida,296,1536832,2006-08-22,Joaquín
1959,1960,2005-12-09,Industrial,Venta,Tarragona,287,2446962,2006-11-10,María
1961,1962,2005-12-11,Suelo,Venta,Barcelona,238,2203166,2006-05-01,Carmen
1964,1965,2005-12-13,Parking,Alquiler,Lleida,57,293949,2006-11-06,Pedro
1972,1973,2005-12-17,Parking,Venta,Girona,67,490507,2006-04-01,María
1973,1974,2005-12-17,Parking,Alquiler,Girona,57,387828,2006-03-25,Luisa
1979,1980,2005-12-20,Local,Venta,Lleida,281,2671748,2006-12-18,Carmen
1982,1983,2005-12-21,Suelo,Alquiler,Barcelona,243,2390634,2006-06-26,Luisa
1984,1985,2005-12-21,Piso,Venta,Tarragona,289,2789428,2006-04-29,Pedro
1986,1987,2005-12-21,Parking,Alquiler,Girona,139,875978,2006-05-04,Jesús
1988,1989,2005-12-22,Casa,Venta,Barcelona,276,2548584,2006-10-13,Jesús
1990,1991,2005-12-22,Oficina,Venta,Tarragona,274,2456958,2006-10-03,Jesús
1994,1995,2005-12-23,Local,Alquiler,Barcelona,267,2263626,2006-07-04,Pedro
1997,1998,2005-12-24,Local,Venta,Tarragona,264,2303928,2006-04-17,Luisa
2005,2006,2005-12-27,Parking,Venta,Girona,272,1774528,2006-06-21,Jesús
2008,2009,2005-12-27,Parking,Alquiler,Tarragona,137,927627,2006-12-05,Pedro
2014,2015,2005-12-30,Parking,Venta,Girona,262,1407726,2006-11-01,María
2015,2016,2005-12-31,Casa,Alquiler,Girona,284,2815292,2006-12-07,Jesús
2016,2017,2005-12-31,Parking,Alquiler,Barcelona,202,1329968,2006-10-22,María
2018,2019,2006-01-01,Parking,Alquiler,Tarragona,204,1347420,2006-07-13,Jesús
2023,2024,2006-01-02,Casa,Alquiler,Girona,271,2471249,2006-04-04,Joaquín
2029,2030,2006-01-03,Casa,Alquiler,Barcelona,229,2219468,2006-07-12,Luisa
2030,2031,2006-01-03,Parking,Venta,Lleida,233,1450425,2006-07-16,Luisa
2035,2036,2006-01-05,Parking,Venta,Barcelona,90,446940,2006-06-26,María
2038,2039,2006-01-06,Parking,Venta,Barcelona,199,1139076,2006-06-21,Joaquín
2042,2043,2006-01-08,Casa,Alquiler,Girona,280,2346400,2006-05-07,María
2045,2046,2006-01-09,Industrial,Alquiler,Girona,256,2331648,2006-11-26,Luisa
2050,2051,2006-01-11,Parking,Venta,Tarragona,130,1275560,2006-11-13,María
2055,2056,2006-01-12,Piso,Alquiler,Girona,289,2462280,2007-01-05,Jesús
2067,2068,2006-01-14,Local,Alquiler,Lleida,255,2494410,2006-11-22,Luisa
2069,2070,2006-01-15,Suelo,Venta,Barcelona,245,2399040,2006-05-31,Joaquín
2070,2071,2006-01-15,Oficina,Alquiler,Lleida,272,2487712,2006-04-25,Carmen
2076,2077,2006-01-17,Industrial,Alquiler,Lleida,246,2398008,2006-05-22,Jesús
2082,2083,2006-01-19,Piso,Venta,Girona,267,2245203,2006-07-28,María
2083,2084,2006-01-19,Parking,Alquiler,Girona,188,1422220,2006-07-20,María
2084,2085,2006-01-19,Industrial,Venta,Girona,296,2387832,2006-06-28,María
2086,2087,2006-01-20,Parking,Alquiler,Barcelona,265,2119735,2006-10-15,Pedro
2105,2106,2006-01-25,Parking,Alquiler,Tarragona,212,1440540,2006-10-10,Jesús
2110,2111,2006-01-26,Oficina,Venta,Lleida,261,2233899,2006-10-29,Luisa
2111,2112,2006-01-26,Parking,Venta,Tarragona,81,709560,2006-06-28,Joaquín
2115,2116,2006-01-28,Parking,Alquiler,Tarragona,294,1355046,2006-10-02,Jesús
2123,2124,2006-02-01,Parking,Venta,Lleida,89,475171,2006-10-12,Luisa
2125,2126,2006-02-01,Piso,Venta,Barcelona,252,2381400,2006-06-13,María
2127,2128,2006-02-02,Parking,Venta,Lleida,264,2181432,2006-12-25,María
2133,2134,2006-02-03,Parking,Venta,Lleida,235,2290545,2006-08-22,Carmen
2137,2138,2006-02-04,Parking,Venta,Girona,108,1041120,2006-05-07,Pedro
2142,2143,2006-02-06,Parking,Alquiler,Tarragona,124,536672,2007-01-30,María
2152,2153,2006-02-09,Parking,Venta,Barcelona,227,2001232,2006-12-06,María
2160,2161,2006-02-12,Parking,Venta,Lleida,210,1511160,2006-10-21,Luisa
2165,2166,2006-02-14,Parking,Alquiler,Girona,131,1163542,2007-01-18,Luisa
2169,2170,2006-02-15,Parking,Alquiler,Tarragona,132,973764,2006-05-19,Joaquín
2172,2173,2006-02-16,Oficina,Venta,Tarragona,279,2331324,2006-08-02,Joaquín
2185,2186,2006-02-20,Parking,Alquiler,Barcelona,228,1815336,2006-06-10,Jesús
2192,2193,2006-02-21,Parking,Alquiler,Barcelona,260,2470000,2006-05-27,Luisa
2201,2202,2006-02-24,Parking,Venta,Barcelona,135,764505,2006-06-10,Pedro
2206,2207,2006-02-28,Casa,Venta,Barcelona,281,2577332,2006-07-03,Carmen
2220,2221,2006-03-04,Parking,Alquiler,Girona,269,1908286,2007-01-29,Jesús
2223,2224,2006-03-05,Parking,Venta,Barcelona,293,1996209,2006-07-26,Jesús
2231,2232,2006-03-07,Parking,Venta,Barcelona,227,2257515,2007-02-06,Luisa
2244,2245,2006-03-13,Parking,Alquiler,Barcelona,182,1489124,2007-02-22,Pedro
2245,2246,2006-03-13,Industrial,Alquiler,Girona,240,2175360,2006-09-07,Luisa
2251,2252,2006-03-15,Parking,Venta,Lleida,48,400512,2006-07-22,Pedro
2257,2258,2006-03-18,Parking,Alquiler,Barcelona,60,358620,2006-11-26,María
2265,2266,2006-03-21,Oficina,Venta,Girona,290,2797050,2006-10-02,Luisa
2267,2268,2006-03-21,Parking,Alquiler,Girona,97,885998,2007-01-31,Carmen
2273,2274,2006-03-26,Parking,Alquiler,Lleida,114,978120,2007-01-19,María
2277,2278,2006-03-26,Oficina,Alquiler,Tarragona,294,2427558,2007-01-30,Pedro
2279,2280,2006-03-28,Parking,Alquiler,Tarragona,290,1442460,2007-01-28,Carmen
2307,2308,2006-04-05,Local,Alquiler,Lleida,261,2598516,2006-08-29,Carmen
2308,2309,2006-04-05,Parking,Venta,Tarragona,298,2236490,2007-01-07,Joaquín
2311,2312,2006-04-07,Parking,Alquiler,Girona,261,1189377,2006-09-19,Jesús
2315,2316,2006-04-07,Parking,Venta,Girona,181,1789185,2007-01-27,Carmen
2316,2317,2006-04-08,Parking,Venta,Tarragona,151,737635,2007-03-12,Carmen
2324,2325,2006-04-10,Parking,Alquiler,Barcelona,89,711199,2006-08-21,Carmen
2329,2330,2006-04-12,Parking,Alquiler,Tarragona,124,1026596,2007-03-28,Carmen
2330,2331,2006-04-12,Parking,Venta,Lleida,224,1901536,2007-03-23,Joaquín
2350,2351,2006-04-22,Parking,Alquiler,Lleida,94,559206,2006-09-23,Joaquín
2355,2356,2006-04-23,Parking,Venta,Girona,199,1777866,2006-12-23,Jesús
2362,2363,2006-04-27,Parking,Alquiler,Tarragona,286,2398682,2006-08-06,Joaquín
2363,2364,2006-04-28,Parking,Alquiler,Girona,70,533680,2007-01-09,María
2365,2366,2006-04-28,Parking,Alquiler,Tarragona,270,1716390,2006-11-22,Jesús
2370,2371,2006-04-29,Suelo,Venta,Lleida,270,2364390,2007-04-02,Luisa
2375,2376,2006-05-01,Casa,Alquiler,Tarragona,296,2813776,2006-10-22,Luisa
2376,2377,2006-05-01,Parking,Alquiler,Girona,123,984369,2007-03-23,Pedro
2380,2381,2006-05-02,Parking,Venta,Girona,205,1921260,2006-12-17,María
2387,2388,2006-05-05,Parking,Venta,Lleida,106,594130,2006-12-03,Carmen
2388,2389,2006-05-05,Local,Alquiler,Girona,250,2281250,2007-03-08,Luisa
2394,2395,2006-05-10,Piso,Alquiler,Tarragona,300,2585100,2006-10-15,Luisa
2396,2397,2006-05-12,Parking,Alquiler,Barcelona,236,2001280,2007-03-04,Jesús
2397,2398,2006-05-12,Parking,Alquiler,Tarragona,92,506184,2006-12-29,María
2404,2405,2006-05-14,Parking,Alquiler,Barcelona,210,1371720,2007-03-26,Pedro
2409,2410,2006-05-15,Parking,Venta,Tarragona,67,615663,2007-03-24,Jesús
2413,2414,2006-05-16,Oficina,Alquiler,Lleida,257,2203004,2006-11-15,Pedro
2414,2415,2006-05-16,Oficina,Venta,Girona,295,2200405,2007-03-24,María
2421,2422,2006-05-19,Industrial,Venta,Tarragona,280,2370200,2007-02-04,Luisa
2424,2425,2006-05-20,Suelo,Venta,Barcelona,285,2603190,2006-11-15,Joaquín
2425,2426,2006-05-20,Suelo,Venta,Girona,247,2320565,2007-05-01,Jesús
2426,2427,2006-05-21,Parking,Venta,Barcelona,213,928041,2006-12-10,Luisa
2427,2428,2006-05-21,Industrial,Alquiler,Lleida,277,2268076,2007-01-25,María
2428,2429,2006-05-21,Casa,Venta,Girona,273,2682225,,
2430,2431,2006-05-22,Suelo,Venta,Lleida,271,2303500,2007-01-22,Luisa
2434,2435,2006-05-24,Parking,Alquiler,Lleida,125,822625,2007-01-31,Joaquín
2439,2440,2006-05-26,Industrial,Alquiler,Girona,278,2336590,2006-12-26,Luisa
2444,2445,2006-05-28,Parking,Alquiler,Lleida,194,1466058,2007-01-29,Carmen
2448,2449,2006-05-29,Suelo,Venta,Barcelona,228,2203620,2007-03-29,Joaquín
2449,2450,2006-05-29,Parking,Venta,Girona,202,1524898,2006-12-28,Carmen
2460,2461,2006-06-02,Parking,Alquiler,Girona,189,1342278,2006-12-16,Carmen
2469,2470,2006-06-04,Parking,Venta,Girona,129,616878,2006-11-21,María
2470,2471,2006-06-05,Parking,Alquiler,Tarragona,211,1126951,2006-12-08,Joaquín
2472,2473,2006-06-05,Parking,Alquiler,Barcelona,173,1251828,2007-03-04,Joaquín
2477,2478,2006-06-06,Suelo,Venta,Girona,294,2353176,2006-10-26,Pedro
2478,2479,2006-06-06,Parking,Venta,Tarragona,73,395879,2007-02-08,Jesús
2479,2480,2006-06-06,Parking,Alquiler,Tarragona,81,405324,,
2484,2485,2006-06-07,Industrial,Alquiler,Tarragona,270,2632500,2007-04-18,Carmen
2487,2488,2006-06-08,Suelo,Alquiler,Tarragona,255,2380170,2006-09-30,Pedro
2488,2489,2006-06-09,Suelo,Alquiler,Lleida,267,2211294,2007-05-06,Joaquín
2489,2490,2006-06-10,Industrial,Alquiler,Tarragona,298,2693026,,
2502,2503,2006-06-13,Parking,Venta,Girona,282,2717634,2006-11-30,Pedro
2504,2505,2006-06-14,Oficina,Venta,Lleida,239,2235367,2006-10-09,María
2510,2511,2006-06-16,Parking,Alquiler,Lleida,83,797215,2006-10-11,Pedro
2511,2512,2006-06-16,Piso,Venta,Tarragona,280,2384480,2007-01-01,Pedro
2516,2517,2006-06-18,Local,Alquiler,Girona,297,2162160,2006-12-28,Jesús
2519,2520,2006-06-21,Oficina,Venta,Girona,277,2250348,2007-04-21,Jesús
2524,2525,2006-06-22,Casa,Alquiler,Tarragona,246,2198502,2006-11-10,Carmen
2526,2527,2006-06-23,Suelo,Venta,Lleida,298,2458798,2006-12-10,Jesús
2529,2530,2006-06-24,Parking,Alquiler,Barcelona,113,797215,2006-12-03,María
2532,2533,2006-06-25,Parking,Alquiler,Lleida,155,912330,2006-11-28,Pedro
2541,2542,2006-06-30,Oficina,Venta,Girona,291,2849763,2007-04-28,Joaquín
2545,2546,2006-07-01,Parking,Alquiler,Girona,89,594698,2007-03-25,Jesús
2546,2547,2006-07-01,Parking,Alquiler,Lleida,234,1182636,2006-12-04,Carmen
2548,2549,2006-07-02,Parking,Alquiler,Tarragona,147,1362984,2007-02-12,Carmen
2549,2550,2006-07-02,Parking,Alquiler,Barcelona,163,1298947,2006-12-23,María
2553,2554,2006-07-04,Industrial,Alquiler,Barcelona,275,2415325,2006-12-17,Carmen
2556,2557,2006-07-05,Parking,Alquiler,Barcelona,283,1470185,2006-12-18,Jesús
2569,2570,2006-07-10,Parking,Venta,Barcelona,93,512430,2007-04-28,Carmen
2573,2574,2006-07-11,Parking,Venta,Barcelona,256,2470912,,
2576,2577,2006-07-13,Piso,Alquiler,Lleida,290,2702220,2007-03-16,Carmen
2578,2579,2006-07-16,Parking,Alquiler,Girona,274,2189534,2006-11-17,Luisa
2589,2590,2006-07-19,Suelo,Alquiler,Lleida,273,2682225,2007-02-04,Pedro
2591,2592,2006-07-19,Parking,Venta,Girona,150,1076250,2006-11-05,Carmen
2592,2593,2006-07-19,Parking,Alquiler,Girona,147,891849,,
2599,2600,2006-07-22,Parking,Venta,Barcelona,64,485824,2007-02-24,María
2600,2601,2006-07-22,Parking,Venta,Girona,200,1021000,2006-11-20,Joaquín
2602,2603,2006-07-23,Parking,Venta,Girona,98,497546,2006-12-24,Luisa
2607,2608,2006-07-25,Parking,Alquiler,Lleida,159,931104,2007-03-20,María
2608,2609,2006-07-26,Parking,Alquiler,Girona,123,714999,,
2610,2611,2006-07-27,Parking,Alquiler,Tarragona,177,1064301,,
2612,2613,2006-07-28,Casa,Venta,Barcelona,294,2618364,,
2613,2614,2006-07-28,Parking,Venta,Tarragona,242,1844282,,
2614,2615,2006-07-28,Casa,Alquiler,Barcelona,239,2199995,2007-03-04,Jesús
2615,2616,2006-07-28,Parking,Alquiler,Lleida,282,1170300,2006-12-15,Jesús
2621,2622,2006-07-31,Oficina,Alquiler,Lleida,291,2874207,2007-04-24,Jesús
2622,2623,2006-07-31,Parking,Alquiler,Lleida,108,1002348,,
2627,2628,2006-08-02,Parking,Alquiler,Lleida,237,1732233,2007-01-23,Pedro
2629,2630,2006-08-03,Parking,Alquiler,Tarragona,53,395751,2007-04-18,Joaquín
2634,2635,2006-08-06,Piso,Alquiler,Tarragona,253,2211979,2007-03-05,María
2635,2636,2006-08-07,Parking,Alquiler,Barcelona,169,1673607,2007-01-07,Luisa
2636,2637,2006-08-07,Parking,Venta,Girona,249,1422537,2007-04-02,Luisa
2638,2639,2006-08-08,Parking,Venta,Girona,211,1456322,2006-11-23,Carmen
2641,2642,2006-08-08,Industrial,Alquiler,Lleida,275,2171950,,
2643,2644,2006-08-09,Industrial,Venta,Barcelona,282,2205240,,
2652,2653,2006-08-13,Parking,Venta,Barcelona,110,643060,2006-12-24,Carmen
2653,2654,2006-08-13,Piso,Alquiler,Girona,297,2909412,,
2657,2658,2006-08-14,Parking,Alquiler,Tarragona,207,1473219,2007-02-20,Jesús
2663,2664,2006-08-19,Parking,Venta,Lleida,164,1165548,,
2665,2666,2006-08-21,Oficina,Venta,Barcelona,258,2539236,2007-01-11,Joaquín
2666,2667,2006-08-21,Parking,Alquiler,Lleida,118,853494,,
2670,2671,2006-08-22,Parking,Venta,Lleida,99,925749,,
2672,2673,2006-08-22,Parking,Alquiler,Barcelona,40,380280,2007-03-29,Jesús
2675,2676,2006-08-23,Piso,Venta,Girona,294,2574558,,
2680,2681,2006-08-26,Parking,Alquiler,Barcelona,61,531493,2007-01-03,Jesús
2682,2683,2006-08-26,Parking,Alquiler,Barcelona,59,307744,2007-04-28,María
2687,2688,2006-08-28,Parking,Venta,Girona,220,1230240,,
2688,2689,2006-08-28,Piso,Venta,Girona,263,2173169,2007-01-20,María
2689,2690,2006-08-29,Local,Venta,Barcelona,272,2399312,2006-12-28,Luisa
2690,2691,2006-08-29,Parking,Alquiler,Girona,44,380072,2006-12-14,Joaquín
2693,2694,2006-08-30,Piso,Venta,Lleida,233,2200452,,
2696,2697,2006-08-31,Oficina,Venta,Barcelona,298,2977318,,
2702,2703,2006-09-04,Casa,Venta,Barcelona,289,2534241,2007-01-28,María
2707,2708,2006-09-05,Local,Alquiler,Girona,242,2326346,,
2709,2710,2006-09-06,Piso,Alquiler,Girona,274,2445724,2006-12-20,Luisa
2710,2711,2006-09-07,Parking,Venta,Girona,286,2153580,,
2714,2715,2006-09-07,Parking,Alquiler,Lleida,151,1110907,,
2720,2721,2006-09-09,Parking,Venta,Tarragona,48,256992,,
2721,2722,2006-09-10,Parking,Venta,Barcelona,251,2180939,,
2723,2724,2006-09-10,Parking,Venta,Lleida,202,874256,,
2729,2730,2006-09-13,Parking,Venta,Barcelona,68,583236,,
2730,2731,2006-09-13,Piso,Venta,Barcelona,294,2885316,2007-02-13,María
2737,2738,2006-09-16,Parking,Alquiler,Lleida,109,535408,2007-01-06,Joaquín
2739,2740,2006-09-18,Oficina,Venta,Lleida,239,2297985,,
2749,2750,2006-09-21,Parking,Venta,Lleida,257,2121278,2007-02-23,Joaquín
2751,2752,2006-09-22,Local,Venta,Girona,257,2242839,,
2769,2770,2006-09-30,Piso,Venta,Girona,244,2291404,2007-04-23,María
2775,2776,2006-10-04,Piso,Venta,Girona,290,2381770,2007-03-11,María
2794,2795,2006-10-09,Local,Alquiler,Lleida,280,2327080,,
2796,2797,2006-10-10,Parking,Venta,Lleida,275,2096050,,
2802,2803,2006-10-13,Parking,Venta,Tarragona,244,2429752,2007-01-15,Carmen
2805,2806,2006-10-13,Oficina,Alquiler,Tarragona,271,2621925,2007-02-19,Carmen
2807,2808,2006-10-14,Suelo,Alquiler,Tarragona,293,2560527,,
2808,2809,2006-10-15,Parking,Venta,Girona,206,1659742,2007-03-08,Jesús
2823,2824,2006-10-22,Parking,Venta,Girona,196,1210496,,
2824,2825,2006-10-22,Casa,Venta,Lleida,275,2669425,2007-03-23,Jesús
2827,2828,2006-10-23,Parking,Venta,Tarragona,187,1513765,,
2830,2831,2006-10-24,Parking,Alquiler,Tarragona,221,1318707,,
2832,2833,2006-10-25,Parking,Alquiler,Lleida,137,931463,,
2846,2847,2006-10-30,Parking,Alquiler,Lleida,63,416997,2007-03-13,Joaquín
2849,2850,2006-10-31,Parking,Venta,Barcelona,285,1638750,2007-05-04,Carmen
2850,2851,2006-10-31,Oficina,Venta,Girona,294,2267622,,
2852,2853,2006-11-01,Piso,Alquiler,Tarragona,260,2292160,2007-03-07,Jesús
2856,2857,2006-11-03,Suelo,Alquiler,Barcelona,283,2569923,2007-03-28,Pedro
2857,2858,2006-11-03,Parking,Alquiler,Lleida,123,963459,,
2858,2859,2006-11-03,Parking,Alquiler,Lleida,141,763938,2007-05-06,Jesús
2859,2860,2006-11-03,Parking,Alquiler,Lleida,43,294722,2007-05-05,Jesús
2861,2862,2006-11-03,Parking,Alquiler,Girona,275,1623600,2007-04-28,Pedro
2870,2871,2006-11-05,Industrial,Venta,Lleida,246,2345364,,
2871,2872,2006-11-06,Parking,Venta,Lleida,267,1516293,2007-02-21,Joaquín
2877,2878,2006-11-08,Parking,Venta,Girona,124,950832,,
2879,2880,2006-11-09,Parking,Alquiler,Lleida,295,1767345,2007-04-03,Jesús
2883,2884,2006-11-09,Piso,Alquiler,Lleida,285,2565285,,
2891,2892,2006-11-13,Industrial,Venta,Barcelona,262,2517034,,
2892,2893,2006-11-13,Parking,Alquiler,Lleida,186,1464192,,
2901,2902,2006-11-19,Parking,Venta,Girona,135,563760,2007-03-13,Pedro
2912,2913,2006-11-24,Parking,Venta,Barcelona,131,1008176,,
2914,2915,2006-11-24,Parking,Venta,Barcelona,185,1635030,,
2918,2919,2006-11-27,Parking,Venta,Lleida,49,327271,,
2929,2930,2006-11-29,Parking,Venta,Girona,82,643290,,
2932,2933,2006-11-30,Parking,Venta,Girona,44,353628,,
2938,2939,2006-12-02,Parking,Venta,Barcelona,187,1274218,,
2940,2941,2006-12-03,Piso,Venta,Barcelona,274,2474220,,
2942,2943,2006-12-04,Piso,Venta,Barcelona,261,2198403,2007-03-09,Joaquín
2950,2951,2006-12-07,Parking,Venta,Tarragona,147,1045317,,
2960,2961,2006-12-10,Local,Alquiler,Tarragona,257,2170622,2007-04-18,Jesús
2965,2966,2006-12-12,Parking,Alquiler,Barcelona,147,679140,,
2970,2971,2006-12-14,Industrial,Alquiler,Barcelona,291,2797092,,
2984,2985,2006-12-19,Parking,Venta,Barcelona,200,1407200,,
2985,2986,2006-12-19,Casa,Venta,Barcelona,281,2244066,2007-03-26,Joaquín
2990,2991,2006-12-21,Parking,Venta,Barcelona,139,562394,,
2991,2992,2006-12-21,Parking,Venta,Lleida,95,776245,2007-04-15,Luisa
2994,2995,2006-12-23,Parking,Venta,Barcelona,237,1997436,,
2995,2996,2006-12-23,Parking,Venta,Lleida,186,1844190,,
3006,3007,2006-12-26,Casa,Alquiler,Girona,297,2673000,,
3011,3012,2006-12-28,Parking,Venta,Lleida,182,1295840,,
3019,3020,2006-12-31,Parking,Venta,Girona,146,1399264,,
3021,3022,2007-01-01,Parking,Alquiler,Barcelona,106,906830,,
3024,3025,2007-01-04,Oficina,Alquiler,Lleida,293,2662784,,
3027,3028,2007-01-06,Parking,Venta,Girona,247,2398617,,
3041,3042,2007-01-09,Parking,Venta,Barcelona,64,610816,,
3045,3046,2007-01-10,Parking,Venta,Barcelona,233,1077858,2007-04-30,María
3054,3055,2007-01-12,Piso,Venta,Tarragona,258,2204352,,
3058,3059,2007-01-14,Casa,Alquiler,Lleida,290,2797050,,
3059,3060,2007-01-14,Suelo,Alquiler,Barcelona,289,2427311,,
3062,3063,2007-01-15,Parking,Alquiler,Barcelona,71,537825,,
3064,3065,2007-01-15,Parking,Venta,Tarragona,230,1486030,,
3069,3070,2007-01-18,Parking,Venta,Girona,243,1857735,,
3071,3072,2007-01-18,Suelo,Alquiler,Girona,253,2291421,,
3075,3076,2007-01-20,Parking,Alquiler,Tarragona,216,2143368,,
3081,3082,2007-01-21,Parking,Alquiler,Barcelona,268,1420132,,
3086,3087,2007-01-23,Parking,Venta,Lleida,59,268332,,
3089,3090,2007-01-24,Local,Venta,Tarragona,285,2321325,,
3091,3092,2007-01-26,Parking,Alquiler,Barcelona,189,1788885,,
3095,3096,2007-01-27,Industrial,Venta,Lleida,269,2189122,,
3098,3099,2007-01-29,Oficina,Alquiler,Barcelona,296,2563064,,
3099,3100,2007-01-29,Parking,Venta,Barcelona,230,1445090,,
3109,3110,2007-02-02,Parking,Alquiler,Girona,46,301346,,
3114,3115,2007-02-03,Parking,Venta,Lleida,211,1528906,,
3117,3118,2007-02-05,Piso,Venta,Tarragona,283,2449082,,
3120,3121,2007-02-06,Parking,Alquiler,Tarragona,292,2658076,,
3122,3123,2007-02-08,Parking,Venta,Tarragona,42,185010,,
3123,3124,2007-02-09,Parking,Alquiler,Girona,252,2154096,,
3125,3126,2007-02-10,Oficina,Venta,Tarragona,297,2902284,,
3129,3130,2007-02-11,Parking,Alquiler,Tarragona,62,443362,,
3131,3132,2007-02-11,Parking,Venta,Barcelona,54,521910,,
3138,3139,2007-02-15,Oficina,Alquiler,Tarragona,248,2357240,,
3160,3161,2007-02-23,Parking,Venta,Lleida,116,648092,,
3161,3162,2007-02-23,Industrial,Venta,Barcelona,261,2186658,,
3167,3168,2007-02-25,Parking,Venta,Lleida,291,1374975,,
3178,3179,2007-03-01,Parking,Alquiler,Tarragona,183,904935,,
3183,3184,2007-03-03,Piso,Alquiler,Barcelona,266,2233602,,
3189,3190,2007-03-05,Parking,Venta,Barcelona,213,1324008,,
3191,3192,2007-03-05,Piso,Venta,Barcelona,280,2439640,,
3193,3194,2007-03-07,Parking,Alquiler,Barcelona,62,397606,,
3196,3197,2007-03-07,Parking,Alquiler,Lleida,292,2262708,,
3200,3201,2007-03-09,Parking,Alquiler,Girona,93,849462,,
3203,3204,2007-03-09,Parking,Venta,Lleida,61,350872,,
3205,3206,2007-03-11,Parking,Alquiler,Lleida,285,1622790,,
3207,3208,2007-03-11,Parking,Venta,Tarragona,123,1083261,,
3221,3222,2007-03-16,Parking,Venta,Girona,138,1034034,,
3235,3236,2007-03-20,Casa,Alquiler,Girona,292,2765240,,
3245,3246,2007-03-23,Parking,Venta,Barcelona,144,1035648,,
3250,3251,2007-03-24,Parking,Venta,Girona,60,366780,,
3264,3265,2007-03-30,Parking,Venta,Girona,51,393057,,
3267,3268,2007-04-01,Industrial,Alquiler,Barcelona,300,2908500,,
3270,3271,2007-04-02,Parking,Venta,Tarragona,119,1056839,,
3276,3277,2007-04-04,Parking,Venta,Lleida,197,1802156,,
3280,3281,2007-04-06,Casa,Alquiler,Girona,276,2336340,,
3281,3282,2007-04-06,Parking,Alquiler,Barcelona,220,1296900,,
3282,3283,2007-04-07,Oficina,Venta,Girona,279,2384334,,
3285,3286,2007-04-07,Suelo,Alquiler,Barcelona,257,2490587,,
3286,3287,2007-04-08,Parking,Alquiler,Tarragona,76,443460,,
3288,3289,2007-04-09,Parking,Venta,Lleida,296,2914416,,
3294,3295,2007-04-11,Parking,Venta,Girona,123,1088181,,
3297,3298,2007-04-12,Suelo,Venta,Tarragona,282,2689434,,
3298,3299,2007-04-12,Parking,Alquiler,Girona,131,1224850,,
3301,3302,2007-04-12,Industrial,Alquiler,Tarragona,225,2179125,,
3306,3307,2007-04-14,Parking,Venta,Girona,221,1533077,,
3309,3310,2007-04-16,Parking,Alquiler,Tarragona,197,825430,,
3312,3313,2007-04-18,Parking,Alquiler,Tarragona,187,1297780,,
3320,3321,2007-04-23,Parking,Alquiler,Barcelona,81,607014,,
3322,3323,2007-04-23,Piso,Venta,Barcelona,283,2686236,,
3328,3329,2007-04-26,Piso,Venta,Barcelona,264,2517504,,
3329,3330,2007-04-27,Parking,Venta,Barcelona,88,612568,,
3336,3337,2007-04-30,Parking,Venta,Lleida,254,2140712,,
